Name,Position
Josh Allen,QB
Drake Maye,QB
Ja'Marr Chase,WR
Jaxon Smith-Njigba,WR
Puka Nacua,WR
Lamar Jackson,QB
Jayden Daniels,QB
CeeDee Lamb,WR
Joe Burrow,QB
Bijan Robinson,RB
Jahmyr Gibbs,RB
Amon-Ra St. Brown,WR
Justin Jefferson,WR
Devon Achane,RB
Malik Nabers,WR
Patrick Mahomes,QB
Drake London,WR
Jalen Hurts,QB
Caleb Williams,QB
Trey McBride,TE
Ashton Jeanty,RB
Brock Bowers,TE
Rashee Rice,WR
Tetairoa McMillan,WR
Justin Herbert,QB
Nico Collins,WR
Jaxson Dart,QB
Omarion Hampton,RB
George Pickens,WR
Garrett Wilson,WR
Bo Nix,QB
Brock Purdy,QB
Emeka Egbuka,WR
Jonathan Taylor,RB
Trevor Lawrence,QB
TreVeyon Henderson,RB
James Cook,RB
Chris Olave,WR
Bucky Irving,RB
Ladd McConkey,WR
Brian Thomas,WR
Rome Odunze,WR
Dak Prescott,QB
Jordan Love,QB
Tee Higgins,WR
Baker Mayfield,QB
Quinshon Judkins,RB
Kyren Williams,RB
Travis Hunter,WR
C.J. Stroud,QB
Jared Goff,QB
Marvin Harrison,WR
Tyler Warren,TE
Christian McCaffrey,RB
Zay Flowers,WR
Luther Burden,WR
Breece Hall,RB
Jameson Williams,WR
Josh Jacobs,RB
Jaylen Waddle,WR
Saquon Barkley,RB
DeVonta Smith,WR
A.J. Brown,WR
Colston Loveland,TE
Sam Darnold,QB
Cam Ward,QB
Chase Brown,RB
RJ Harvey,RB
Jordan Addison,WR
Cam Skattebo,RB
Daniel Jones,QB
Harold Fannin,TE
Javonte Williams,RB
Bryce Young,QB
Kyler Murray,QB
DK Metcalf,WR
Davante Adams,WR
Kenneth Walker,RB
Michael Pittman,WR
Tucker Kraft,TE
Travis Etienne,RB
Michael Wilson,WR
Sam LaPorta,TE
Ricky Pearsall,WR
Tyler Shough,QB
Xavier Worthy,WR
Quentin Johnston,WR
Courtland Sutton,WR
Terry McLaurin,WR
Jayden Higgins,WR
George Kittle,TE
Derrick Henry,RB
Matthew Stafford,QB
Kyle Pitts,TE
Jakobi Meyers,WR
Brandon Aiyuk,WR
DJ Moore,WR
Wan'Dale Robinson,WR
D'Andre Swift,RB
Matthew Golden,WR
Woody Marks,RB
Kyle Monangai,RB
Trey Benson,RB
Jaylen Warren,RB
Zach Charbonnet,RB
Michael Penix,QB
Chris Godwin,WR
Deebo Samuel,WR
Oronde Gadsden,TE
Jauan Jennings,WR
Alec Pierce,WR
Bhayshul Tuten,RB
J.J. McCarthy,QB
Rico Dowdle,RB
Khalil Shakir,WR
Stefon Diggs,WR
Jake Ferguson,TE
Josh Downs,WR
Christian Watson,WR
Mike Evans,WR
Dalton Kincaid,TE
Tua Tagovailoa,QB
Jayden Reed,WR
David Montgomery,RB
Chuba Hubbard,RB
Tyrone Tracy,RB
Troy Franklin,WR
Mason Taylor,TE
Jaylin Noel,WR
Romeo Doubs,WR
Alvin Kamara,RB
Dallas Goedert,TE
Chimere Dike,WR
Jerry Jeudy,WR
Tyler Allgeier,RB
Elic Ayomanor,WR
Kayshon Boutte,WR
Kaleb Johnson,RB
Shedeur Sanders,QB
Keon Coleman,WR
Jordan Mason,RB
Blake Corum,RB
Tyjae Spears,RB
Brenton Strange,TE
Rhamondre Stevenson,RB
J.K. Dobbins,RB
Tory Horton,WR
Tony Pollard,RB
Aaron Jones,RB
T.J. Hockenson,TE
Rachaad White,RB
Tyreek Hill,WR
Theo Johnson,TE
Tre Harris,WR
Isiah Pacheco,RB
Jack Bech,WR
Jacory Croskey-Merritt,RB
Isaiah Likely,TE
Jalen Coker,WR
Geno Smith,QB
David Njoku,TE
Adonai Mitchell,WR
Rashid Shaheed,WR
Terrance Ferguson,TE
Dylan Sampson,RB
Calvin Ridley,WR
Kyle Williams,WR
Tez Johnson,WR
Darnell Mooney,WR
Kenneth Gainwell,RB
Keenan Allen,WR
Pat Bryant,WR
Mark Andrews,TE
Justin Fields,QB
AJ Barner,TE
Jalen McMillan,WR
Anthony Richardson,QB
Xavier Legette,WR
Brian Robinson,RB
Hunter Henry,TE
Cedric Tillman,WR
Malik Willis,QB
Joe Mixon,RB
Malik Washington,WR
Mac Jones,QB
Kimani Vidal,RB
Braelon Allen,RB
Cooper Kupp,WR
Devin Neal,RB
Isaac TeSlaa,WR
Rashod Bateman,WR
Parker Washington,WR
Marquise Brown,WR
Brashard Smith,RB
Dont'e Thornton Jr.,WR
Jalen Milroe,QB
Aaron Rodgers,QB
Tre Tucker,WR
James Conner,RB
Dalton Schultz,TE
Emanuel Wilson,RB
Jaydon Blue,RB
Travis Kelce,TE
Marvin Mims,WR
Juwan Johnson,TE
Elijah Arroyo,TE
Tank Bigsby,RB
DJ Giddens,RB
Ollie Gordon II,RB
Jacoby Brissett,QB
Ja'Lynn Polk,WR
Cade Otton,TE
Zach Wilson,QB
Nathaniel Dell,WR
Evan Engram,TE
Elijah Moore,WR
Ray Davis,RB
Ja'Tavion Sanders,TE
DeMario Douglas,WR
Devaughn Vele,WR
Michael Mayer,TE
Jonathon Brooks,RB
Jonnu Smith,TE
Kirk Cousins,QB
Isaiah Bond,WR
Christian Kirk,WR
Najee Harris,RB
Gabe Davis,WR
Keaton Mitchell,RB
Jaylen Wright,RB
Russell Wilson,QB
Ben Sinnott,TE
Roman Wilson,WR
Dillon Gabriel,QB
Sean Tucker,RB
Jarquez Hunter,RB
Pat Freiermuth,TE
Kendre Miller,RB
Isaiah Davis,RB
Jalen Tolbert,WR
Curtis Samuel,WR
Dontayvion Wicks,WR
Malachi Corley,WR
Joe Flacco,QB
Kareem Hunt,RB
Chigoziem Okonkwo,TE
Nick Chubb,RB
Savion Williams,WR
Deshaun Watson,QB
Luke Musgrave,TE
Isaac Guerendo,RB
Trevor Etienne,RB
Xavier Restrepo,WR
Gunnar Helm,TE
Erick All,TE
DeAndre Hopkins,WR
Jordan Whittington,WR
Jordan James,RB
MarShawn Lloyd,RB
Zach Ertz,TE
Jerome Ford,RB
Andrei Iosivas,WR
Tahj Brooks,RB
Jalen Royals,WR
Spencer Rattler,QB
Adam Thielen,WR
John Metchie,WR
Noah Gray,TE
Jake Browning,QB
Chris Rodriguez,RB
Dyami Brown,WR
Taysom Hill,TE
Javon Baker,WR
Ryan Flournoy,WR
Brandin Cooks,WR
Roschon Johnson,RB
Skyy Moore,WR
Austin Ekeler,RB
Calvin Austin,WR
Mike Gesicki,TE
Jonathan Mingo,WR
Aidan O'Connell,QB
Amari Cooper,WR
Tai Felton,WR
Cole Kmet,TE
Gardner Minshew,QB
Joshua Palmer,WR
Treylon Burks,WR
Darren Waller,TE
Miles Sanders,RB
Emari Demercado,RB
Daniel Bellinger,TE
Tyquan Thornton,WR
Jameis Winston,QB
Devin Singletary,RB
Will Howard,QB
Joe Milton,QB
Phil Mafah,RB
Damien Martinez,RB
Kalel Mullings,RB
Jimmy Horn Jr.,WR
Audric Estime,RB
Justice Hill,RB
Will Levis,QB
Sam Howell,QB
Luke Schoonmaker,TE
Antonio Gibson,RB
Jaylin Lane,WR
Samaje Perine,RB
Tyler Lockett,WR
Derek Carr,QB
Colby Parkinson,TE
Dawson Knox,TE
Jaleel McLaughlin,RB
Darnell Washington,TE
Jalin Hyatt,WR
Keandre Lambert-Smith,WR
Zonovan Knight,RB
Dameon Pierce,RB
Luke McCaffrey,WR
Noah Fant,TE
Nick Westbrook-Ikhine,WR
Will Shipley,RB
Marcus Mariota,QB
Brevin Jordan,TE
LeQuint Allen,RB
Arian Smith,WR
Noah Brown,WR
Raheem Mostert,RB
Darius Slayton,WR
Greg Dortch,WR
Jermaine Burton,WR
Tutu Atwell,WR
Davis Mills,QB
LaJohntay Wester,WR
Jahan Dotson,WR
Zay Jones,WR
Jalen Nailor,WR
Tahj Washington,WR
Deuce Vaughn,RB
Khalil Herbert,RB
Kendrick Bourne,WR
KeAndre Lambert-Smith,WR
Tyler Conklin,TE
Xavier Hutchinson,WR
Elijah Mitchell,RB
Jared Wiley,TE
Michael Carter,RB
Quinn Ewers,QB
Tyler Higbee,TE
Alexander Mattison,RB
Will Dissly,TE
Zack Moss,RB
Rondale Moore,WR
Jeremy McNichols,RB
Chris Manhertz,TE
Devontez Walker,WR
Kenny Pickett,QB
Jaheim Bell,TE
Odell Beckham,WR
AJ Dillon,RB
Mike Williams,WR
Brenden Rice,WR
Zamir White,RB
Jacob Cowing,WR
Demarcus Robinson,WR
Rasheen Ali,RB
JuJu Smith-Schuster,WR
Ty Johnson,RB